지원자격,지원자격
토익점수,어학기준
입금,지급방법
신청방법,신청방법
봉사시간,지원자격
복학생,지원자격
편입생,지원자격
신청,신청방법
휴학하면,지원자격
학점기준,지원자격
성적 안정권,지원자격
수강포기하면,지원자격
교수님 추천서,지원자격
선발기준,지원자격
성적기준,지원자격
피에프 포함 학점,지원자격
들어야하는 학점,지원자격
평균 학점,지원자격
F가 있으면,지원자격
지급방법,지급방법
중복지급,지급방법
휴학하면 불이익,불이익
자퇴하면 불이익,불이익
장학혜택(금액),지급방법
제출서류,어학기준
토익 300점대,어학기준
토익 400점대,어학기준
토익 500점대,어학기준
토익 600점대,어학기준
토익 700점대,어학기준
토익 800점대,어학기준
토익 대신jpt나 jlpt,어학기준
중복지급,지급방법
재수강 포함,지원자격
야간학생,지원자격
공익토익점수,지원자격
모의토익도,지원자격
신입생인데,지원자격
모의토익,지원자격
휴학,지원자격
받고,지원자격
통장바로,지급방법
장학이력,지원자격
추가지급,지급방법
15학점,지원자격
14학점,지원자격
12학점,지원자격
